GID_0,NAME_0,GID_1,NAME_1,NL_NAME_1,GID_2,NAME_2,VARNAME_2,NL_NAME_2,TYPE_2,ENGTYPE_2,CC_2,HASC_2
ARG,Argentina,ARG.1_1,Buenos Aires,,ARG.1.1_1,Adolfo Alsina,Carhue,,Partido,Part,,AR.BA.AA
ARG,Argentina,ARG.1_1,Buenos Aires,,ARG.1.2_1,Adolfo Gonzales Chaves,Adolfo Gonzal,,Partido,Part,,AR.BA.AC
ARG,Argentina,ARG.1_1,Buenos Aires,,ARG.1.3_1,Alberti,,,Partido,Part,,AR.BA.AL
ARG,Argentina,ARG.1_1,Buenos Aires,,ARG.1.4_1,Almirante Brown,,,Partido,Part,,AR.BA.AB
ARG,Argentina,ARG.1_1,Buenos Aires,,ARG.1.5_1,Ameghino,,,Partido,Part,,
ARG,Argentina,ARG.1_1,Buenos Aires,,ARG.1.6_1,Arrecifes,Bartolome Mitre,,Partido,Part,,AR.BA.BM
ARG,Argentina,ARG.1_1,Buenos Aires,,ARG.1.7_1,Avellaneda,,,Partido,Part,,AR.BA.AV
ARG,Argentina,ARG.1_1,Buenos Aires,,ARG.1.8_1,Ayacucho,,,Partido,Part,,AR.BA.AY
ARG,Argentina,ARG.1_1,Buenos Aires,,ARG.1.9_1,Azul,,,Partido,Part,,AR.BA.AZ
ARG,Argentina,ARG.1_1,Buenos Aires,,ARG.1.10_1,Bahía Blanca,,,Partido,Part,,AR.BA.BB
ARG,Argentina,ARG.1_1,Buenos Aires,,ARG.1.11_1,Balcarce,,,Partido,Part,,AR.BA.BC
ARG,Argentina,ARG.1_1,Buenos Aires,,ARG.1.12_1,Baradero,,,Partido,Part,,AR.BA.BD
ARG,Argentina,ARG.1_1,Buenos Aires,,ARG.1.13_1,Benito Juárez,,,Partido,Part,,AR.BA.BJ
ARG,Argentina,ARG.1_1,Buenos Aires,,ARG.1.14_1,Berazategui,,,Partido,Part,,AR.BA.BZ
ARG,Argentina,ARG.1_1,Buenos Aires,,ARG.1.15_1,Berisso,,,Partido,Part,,AR.BA.BS
ARG,Argentina,ARG.1_1,Buenos Aires,,ARG.1.16_1,Bolívar,,,Partido,Part,,AR.BA.BO
ARG,Argentina,ARG.1_1,Buenos Aires,,ARG.1.17_1,Bragado,,,Partido,Part,,AR.BA.BG
ARG,Argentina,ARG.1_1,Buenos Aires,,ARG.1.18_1,Brandsen,,,Partido,Part,,AR.BA.BR
ARG,Argentina,ARG.1_1,Buenos Aires,,ARG.1.19_1,Campana,,,Partido,Part,,AR.BA.CM
ARG,Argentina,ARG.1_1,Buenos Aires,,ARG.1.20_1,Ca?uelas,,,Partido,Part,,AR.BA.CL
ARG,Argentina,ARG.1_1,Buenos Aires,,ARG.1.21_1,Capitán Sarmiento,,,Partido,Part,,AR.BA.CS
ARG,Argentina,ARG.1_1,Buenos Aires,,ARG.1.22_1,Carlos Casares,,,Partido,Part,,AR.BA.CC
ARG,Argentina,ARG.1_1,Buenos Aires,,ARG.1.23_1,Carlos Tejedor,,,Partido,Part,,AR.BA.CT
ARG,Argentina,ARG.1_1,Buenos Aires,,ARG.1.24_1,Carmen de Areco,,,Partido,Part,,AR.BA.CA
ARG,Argentina,ARG.1_1,Buenos Aires,,ARG.1.25_1,Castelli,,,Partido,Part,,AR.BA.CI
ARG,Argentina,ARG.1_1,Buenos Aires,,ARG.1.26_1,Chacabuco,,,Partido,Part,,AR.BA.CB
ARG,Argentina,ARG.1_1,Buenos Aires,,ARG.1.27_1,Chascomús,,,Partido,Part,,AR.BA.CH
ARG,Argentina,ARG.1_1,Buenos Aires,,ARG.1.28_1,Chivilcoy,,,Partido,Part,,AR.BA.CV
ARG,Argentina,ARG.1_1,Buenos Aires,,ARG.1.29_1,Colón,,,Partido,Part,,AR.BA.CO
ARG,Argentina,ARG.1_1,Buenos Aires,,ARG.1.30_1,Coronel de Marina Leonardo Rosales,Punta Alta|Coronel de Mariana Leonar,,Partido,Part,,AR.BA.CR
ARG,Argentina,ARG.1_1,Buenos Aires,,ARG.1.31_1,Coronel Dorrego,,,Partido,Part,,AR.BA.CD
ARG,Argentina,ARG.1_1,Buenos Aires,,ARG.1.32_1,Coronel Pringles,,,Partido,Part,,AR.BA.CP
ARG,Argentina,ARG.1_1,Buenos Aires,,ARG.1.33_1,Coronel Suárez,,,Partido,Part,,AR.BA.CE
ARG,Argentina,ARG.1_1,Buenos Aires,,ARG.1.34_1,Daireaux,,,Partido,Part,,AR.BA.DA
ARG,Argentina,ARG.1_1,Buenos Aires,,ARG.1.35_1,Dolores,,,Partido,Part,,AR.BA.DO
ARG,Argentina,ARG.1_1,Buenos Aires,,ARG.1.36_1,Ensenada,,,Partido,Part,,AR.BA.EN
ARG,Argentina,ARG.1_1,Buenos Aires,,ARG.1.37_1,Escobar,Belen de Escobar,,Partido,Part,,AR.BA.ES
ARG,Argentina,ARG.1_1,Buenos Aires,,ARG.1.38_1,Esteban Echeverría,Esteban Echeverri,,Partido,Part,,AR.BA.EB
ARG,Argentina,ARG.1_1,Buenos Aires,,ARG.1.39_1,Exaltación de la Cruz,Capilla del Se?or,,Partido,Part,,AR.BA.EC
ARG,Argentina,ARG.1_1,Buenos Aires,,ARG.1.40_1,Florencio Varela,,,Partido,Part,,AR.BA.FC
ARG,Argentina,ARG.1_1,Buenos Aires,,ARG.1.41_1,General Alvarado,Miramar,,Partido,Part,,AR.BA.GD
ARG,Argentina,ARG.1_1,Buenos Aires,,ARG.1.42_1,General Alvear,,,Partido,Part,,AR.BA.GA
ARG,Argentina,ARG.1_1,Buenos Aires,,ARG.1.43_1,General Arenales,,,Partido,Part,,AR.BA.GE
ARG,Argentina,ARG.1_1,Buenos Aires,,ARG.1.44_1,General Belgrano,,,Partido,Part,,AR.BA.GB
ARG,Argentina,ARG.1_1,Buenos Aires,,ARG.1.45_1,General Guido,,,Partido,Part,,AR.BA.GG
ARG,Argentina,ARG.1_1,Buenos Aires,,ARG.1.46_1,General Juan Madariaga,General Juan,,Partido,Part,,AR.BA.GJ
ARG,Argentina,ARG.1_1,Buenos Aires,,ARG.1.47_1,General La Madrid,,,Partido,Part,,AR.BA.GM
ARG,Argentina,ARG.1_1,Buenos Aires,,ARG.1.48_1,General Las Heras,,,Partido,Part,,AR.BA.GH
ARG,Argentina,ARG.1_1,Buenos Aires,,ARG.1.49_1,General Lavalle,,,Partido,Part,,AR.BA.GL
ARG,Argentina,ARG.1_1,Buenos Aires,,ARG.1.50_1,General Paz,,,Partido,Part,,AR.BA.GZ
ARG,Argentina,ARG.1_1,Buenos Aires,,ARG.1.51_1,General Pinto,,,Partido,Part,,AR.BA.GI
ARG,Argentina,ARG.1_1,Buenos Aires,,ARG.1.52_1,General Pueyrredón,Mar del Plata,,Partido,Part,,AR.BA.GP
ARG,Argentina,ARG.1_1,Buenos Aires,,ARG.1.53_1,General Rodríguez,,,Partido,Part,,AR.BA.GR
ARG,Argentina,ARG.1_1,Buenos Aires,,ARG.1.54_1,General San Martín,General San Martín,,Partido,Part,,AR.BA.GN
ARG,Argentina,ARG.1_1,Buenos Aires,,ARG.1.55_1,General Sarmiento,,,Partido,Part,,
ARG,Argentina,ARG.1_1,Buenos Aires,,ARG.1.56_1,General Viamonte,,,Partido,Part,,AR.BA.GT
ARG,Argentina,ARG.1_1,Buenos Aires,,ARG.1.57_1,General Villegas,,,Partido,Part,,AR.BA.GV
ARG,Argentina,ARG.1_1,Buenos Aires,,ARG.1.58_1,Guaminí,Guamin|Guamin,,Partido,Part,,AR.BA.GU
ARG,Argentina,ARG.1_1,Buenos Aires,,ARG.1.59_1,Hipólito Yrigoyen,Henderson,,Partido,Part,,AR.BA.HY
ARG,Argentina,ARG.1_1,Buenos Aires,,ARG.1.60_1,Junín,,,Partido,Part,,AR.BA.JU
ARG,Argentina,ARG.1_1,Buenos Aires,,ARG.1.61_1,La Costa,NN,,Partido,Part,,AR.BA.LC
ARG,Argentina,ARG.1_1,Buenos Aires,,ARG.1.62_1,La Matanza,,,Partido,Part,,AR.BA.LM
ARG,Argentina,ARG.1_1,Buenos Aires,,ARG.1.63_1,La Plata,,,Partido,Part,,AR.BA.LT
ARG,Argentina,ARG.1_1,Buenos Aires,,ARG.1.64_1,Lanús,,,Partido,Part,,AR.BA.LS
ARG,Argentina,ARG.1_1,Buenos Aires,,ARG.1.65_1,Laprida,,,Partido,Part,,AR.BA.LR
ARG,Argentina,ARG.1_1,Buenos Aires,,ARG.1.66_1,Las Flores,,,Partido,Part,,AR.BA.LF
ARG,Argentina,ARG.1_1,Buenos Aires,,ARG.1.67_1,Leandro N. Alem,Vedia|Leonardo N. Alem,,Partido,Part,,AR.BA.LA
ARG,Argentina,ARG.1_1,Buenos Aires,,ARG.1.68_1,Lincoln,,,Partido,Part,,AR.BA.LI
ARG,Argentina,ARG.1_1,Buenos Aires,,ARG.1.69_1,Lobería,,,Partido,Part,,AR.BA.LO
ARG,Argentina,ARG.1_1,Buenos Aires,,ARG.1.70_1,Lobos,,,Partido,Part,,AR.BA.LB
ARG,Argentina,ARG.1_1,Buenos Aires,,ARG.1.71_1,Lomas de Zamora,,,Partido,Part,,AR.BA.LZ
ARG,Argentina,ARG.1_1,Buenos Aires,,ARG.1.72_1,Luján,,,Partido,Part,,AR.BA.LU
ARG,Argentina,ARG.1_1,Buenos Aires,,ARG.1.73_1,Magdalena,,,Partido,Part,,AR.BA.ML
ARG,Argentina,ARG.1_1,Buenos Aires,,ARG.1.74_1,Maipú,,,Partido,Part,,AR.BA.MA
ARG,Argentina,ARG.1_1,Buenos Aires,,ARG.1.75_1,Mar Chiquita,Coronel Vidal,,Partido,Part,,AR.BA.MC
ARG,Argentina,ARG.1_1,Buenos Aires,,ARG.1.76_1,Marcos Paz,,,Partido,Part,,AR.BA.MP
ARG,Argentina,ARG.1_1,Buenos Aires,,ARG.1.77_1,Mercedes,,,Partido,Part,,AR.BA.MD
ARG,Argentina,ARG.1_1,Buenos Aires,,ARG.1.78_1,Merlo,,,Partido,Part,,AR.BA.ME
ARG,Argentina,ARG.1_1,Buenos Aires,,ARG.1.79_1,Monte,San Miguel del Monte,,Partido,Part,,AR.BA.MT
ARG,Argentina,ARG.1_1,Buenos Aires,,ARG.1.80_1,Monte Hermoso,NN,,Partido,Part,,AR.BA.MH
ARG,Argentina,ARG.1_1,Buenos Aires,,ARG.1.81_1,Moreno,Mariano Moreno,,Partido,Part,,AR.BA.MR
ARG,Argentina,ARG.1_1,Buenos Aires,,ARG.1.82_1,Morón,,,Partido,Part,,AR.BA.MN
ARG,Argentina,ARG.1_1,Buenos Aires,,ARG.1.83_1,Navarro,,,Partido,Part,,AR.BA.NA
ARG,Argentina,ARG.1_1,Buenos Aires,,ARG.1.84_1,Necochea,,,Partido,Part,,AR.BA.NE
ARG,Argentina,ARG.1_1,Buenos Aires,,ARG.1.85_1,Nueve de Julio,9 de Julio,,Partido,Part,,AR.BA.NJ
ARG,Argentina,ARG.1_1,Buenos Aires,,ARG.1.86_1,Olavarría,,,Partido,Part,,AR.BA.OL
ARG,Argentina,ARG.1_1,Buenos Aires,,ARG.1.87_1,Patagones,Carmen de Patagones,,Partido,Part,,AR.BA.PA
ARG,Argentina,ARG.1_1,Buenos Aires,,ARG.1.88_1,Pehuajó,,,Partido,Part,,AR.BA.PJ
ARG,Argentina,ARG.1_1,Buenos Aires,,ARG.1.89_1,Pellegrini,,,Partido,Part,,AR.BA.PE
ARG,Argentina,ARG.1_1,Buenos Aires,,ARG.1.90_1,Pergamino,,,Partido,Part,,AR.BA.PG
ARG,Argentina,ARG.1_1,Buenos Aires,,ARG.1.91_1,Pila,,,Partido,Part,,AR.BA.PL
ARG,Argentina,ARG.1_1,Buenos Aires,,ARG.1.92_1,Pilar,,,Partido,Part,,AR.BA.PX
ARG,Argentina,ARG.1_1,Buenos Aires,,ARG.1.93_1,Pinamar,NN,,Partido,Part,,AR.BA.PI
ARG,Argentina,ARG.1_1,Buenos Aires,,ARG.1.94_1,Puán,,,Partido,Part,,AR.BA.PU
ARG,Argentina,ARG.1_1,Buenos Aires,,ARG.1.95_1,Quilmes,,,Partido,Part,,AR.BA.QU
ARG,Argentina,ARG.1_1,Buenos Aires,,ARG.1.96_1,Ramallo,,,Partido,Part,,AR.BA.RM
ARG,Argentina,ARG.1_1,Buenos Aires,,ARG.1.97_1,Rauch,,,Partido,Part,,AR.BA.RU
ARG,Argentina,ARG.1_1,Buenos Aires,,ARG.1.98_1,Rivadavia,,,Partido,Part,,AR.BA.RI
ARG,Argentina,ARG.1_1,Buenos Aires,,ARG.1.99_1,Rojas,,,Partido,Part,,AR.BA.RO
ARG,Argentina,ARG.1_1,Buenos Aires,,ARG.1.100_1,Roque Pérez,,,Partido,Part,,AR.BA.RP
ARG,Argentina,ARG.1_1,Buenos Aires,,ARG.1.101_1,Saavedra,,,Partido,Part,,AR.BA.SD
ARG,Argentina,ARG.1_1,Buenos Aires,,ARG.1.102_1,Saladillo,,,Partido,Part,,AR.BA.SL
ARG,Argentina,ARG.1_1,Buenos Aires,,ARG.1.103_1,Salliqueló,Salliquello|Salliquello,,Partido,Part,,AR.BA.SQ
ARG,Argentina,ARG.1_1,Buenos Aires,,ARG.1.104_1,Salto,,,Partido,Part,,AR.BA.ST
ARG,Argentina,ARG.1_1,Buenos Aires,,ARG.1.105_1,San Andrés de Giles,San Andres de Giles,,Partido,Part,,AR.BA.SG
ARG,Argentina,ARG.1_1,Buenos Aires,,ARG.1.106_1,San Antonio de Areco,San Antonio de,,Partido,Part,,AR.BA.SA
ARG,Argentina,ARG.1_1,Buenos Aires,,ARG.1.107_1,San Cayetano,,,Partido,Part,,AR.BA.SC
ARG,Argentina,ARG.1_1,Buenos Aires,,ARG.1.108_1,San Fernando,,,Partido,Part,,AR.BA.SF
ARG,Argentina,ARG.1_1,Buenos Aires,,ARG.1.109_1,San Fernando (2),,,Partido,Part,,AR.BA.SF
ARG,Argentina,ARG.1_1,Buenos Aires,,ARG.1.110_1,San Isidro,,,Partido,Part,,AR.BA.SI
ARG,Argentina,ARG.1_1,Buenos Aires,,ARG.1.111_1,San Nicolás,San Nicolás de los Arroyo,,Partido,Part,,AR.BA.SN
ARG,Argentina,ARG.1_1,Buenos Aires,,ARG.1.112_1,San Pedro,,,Partido,Part,,AR.BA.SP
ARG,Argentina,ARG.1_1,Buenos Aires,,ARG.1.113_1,San Vicente,,,Partido,Part,,AR.BA.SE
ARG,Argentina,ARG.1_1,Buenos Aires,,ARG.1.114_1,Suipacha,,,Partido,Part,,AR.BA.SU
ARG,Argentina,ARG.1_1,Buenos Aires,,ARG.1.115_1,Tandil,,,Partido,Part,,AR.BA.TD
ARG,Argentina,ARG.1_1,Buenos Aires,,ARG.1.116_1,Tapalqué,Taplquen|Taplquen,,Partido,Part,,AR.BA.TP
ARG,Argentina,ARG.1_1,Buenos Aires,,ARG.1.117_1,Tigre,,,Partido,Part,,AR.BA.TI
ARG,Argentina,ARG.1_1,Buenos Aires,,ARG.1.118_1,Tordillo,General Conesa,,Partido,Part,,AR.BA.TO
ARG,Argentina,ARG.1_1,Buenos Aires,,ARG.1.119_1,Tornquist,,,Partido,Part,,AR.BA.TQ
ARG,Argentina,ARG.1_1,Buenos Aires,,ARG.1.120_1,Trenque Lauquen,,,Partido,Part,,AR.BA.TR
ARG,Argentina,ARG.1_1,Buenos Aires,,ARG.1.121_1,Tres Arroyos,,,Partido,Part,,AR.BA.TA
ARG,Argentina,ARG.1_1,Buenos Aires,,ARG.1.122_1,Tres de Febrero,Caseros,,Partido,Part,,AR.BA.TF
ARG,Argentina,ARG.1_1,Buenos Aires,,ARG.1.123_1,Tres Lomas,,,Partido,Part,,AR.BA.TL
ARG,Argentina,ARG.1_1,Buenos Aires,,ARG.1.124_1,Veinticinco de Mayo,25 de Mayo,,Partido,Part,,AR.BA.VM
ARG,Argentina,ARG.1_1,Buenos Aires,,ARG.1.125_1,Vicente López,Olivos,,Partido,Part,,AR.BA.VL
ARG,Argentina,ARG.1_1,Buenos Aires,,ARG.1.126_1,Villa Gesell,,,Partido,Part,,AR.BA.VG
ARG,Argentina,ARG.1_1,Buenos Aires,,ARG.1.127_1,Villarino,Medanos,,Partido,Part,,AR.BA.VI
ARG,Argentina,ARG.1_1,Buenos Aires,,ARG.1.128_1,Zárate,,,Partido,Part,,AR.BA.ZA
ARG,Argentina,ARG.2_1,Catamarca,,ARG.2.1_1,Ambato,La Puerta,,Departamento,Department,,AR.CT.AM
ARG,Argentina,ARG.2_1,Catamarca,,ARG.2.2_1,Ancasti,,,Departamento,Department,,AR.CT.AC
ARG,Argentina,ARG.2_1,Catamarca,,ARG.2.3_1,Andalgalá,,,Departamento,Department,,AR.CT.AG
ARG,Argentina,ARG.2_1,Catamarca,,ARG.2.4_1,Antofagasta de la Sierra,Antofagasta,,Departamento,Department,,AR.CT.AS
ARG,Argentina,ARG.2_1,Catamarca,,ARG.2.5_1,Belén,,,Departamento,Department,,AR.CT.BE
ARG,Argentina,ARG.2_1,Catamarca,,ARG.2.6_1,Capayán,Huillapima,,Departamento,Department,,AR.CT.CA
ARG,Argentina,ARG.2_1,Catamarca,,ARG.2.7_1,Capital,Capital (Catamarca)|Catamarca,,Departamento,Department,,AR.CT.CT
ARG,Argentina,ARG.2_1,Catamarca,,ARG.2.8_1,El Alto,Villa El Alto,,Departamento,Department,,AR.CT.EA
ARG,Argentina,ARG.2_1,Catamarca,,ARG.2.9_1,Fray Mamerto Esquiú,San Jose,,Departamento,Department,,AR.CT.FE
ARG,Argentina,ARG.2_1,Catamarca,,ARG.2.10_1,La Paz,San Antonio,,Departamento,Department,,AR.CT.LP
ARG,Argentina,ARG.2_1,Catamarca,,ARG.2.11_1,Paclín,La Merced,,Departamento,Department,,AR.CT.PA
ARG,Argentina,ARG.2_1,Catamarca,,ARG.2.12_1,Pomán,Saujil,,Departamento,Department,,AR.CT.PO
ARG,Argentina,ARG.2_1,Catamarca,,ARG.2.13_1,Santa María,,,Departamento,Department,,AR.CT.SM
ARG,Argentina,ARG.2_1,Catamarca,,ARG.2.14_1,Santa Rosa,Banado de Ovanta,,Departamento,Department,,AR.CT.SR
ARG,Argentina,ARG.2_1,Catamarca,,ARG.2.15_1,Tinogasta,,,Departamento,Department,,AR.CT.TI
ARG,Argentina,ARG.2_1,Catamarca,,ARG.2.16_1,Valle Viejo,San Isidro,,Departamento,Department,,AR.CT.VV
ARG,Argentina,ARG.3_1,Chaco,,ARG.3.1_1,Almirante Brown,Pampa del Infierno,,Departamento,Department,,AR.CC.AB
ARG,Argentina,ARG.3_1,Chaco,,ARG.3.2_1,Bermejo,La Leonesa,,Departamento,Department,,AR.CC.BE
ARG,Argentina,ARG.3_1,Chaco,,ARG.3.3_1,Chacabuco,Charta,,Departamento,Department,,AR.CC.CH
ARG,Argentina,ARG.3_1,Chaco,,ARG.3.4_1,Comandante Fernández,Pcia. Roque Saenz Pena|Comandante Fe,,Departamento,Department,,AR.CC.CF
ARG,Argentina,ARG.3_1,Chaco,,ARG.3.5_1,Doce de Octubre,Gral. Pinedo|12 de Octubre,,Departamento,Department,,AR.CC.DC
ARG,Argentina,ARG.3_1,Chaco,,ARG.3.6_1,Fray Justo Santa María de Oro,Santa Silvina|Fray Justo Santa Maria,,Departamento,Department,,AR.CC.FJ
ARG,Argentina,ARG.3_1,Chaco,,ARG.3.7_1,General Belgrano,Corzuela,,Departamento,Department,,AR.CC.GB
ARG,Argentina,ARG.3_1,Chaco,,ARG.3.8_1,General Donovan,Makalle,,Departamento,Department,,AR.CC.GD
ARG,Argentina,ARG.3_1,Chaco,,ARG.3.9_1,General Güemes,J.J. Castelli,,Departamento,Department,,AR.CC.GG
ARG,Argentina,ARG.3_1,Chaco,,ARG.3.10_1,Independencia,Campo Largo,,Departamento,Department,,AR.CC.IN
ARG,Argentina,ARG.3_1,Chaco,,ARG.3.11_1,Libertad,Tirol,,Departamento,Department,,AR.CC.LI
ARG,Argentina,ARG.3_1,Chaco,,ARG.3.12_1,Libertador General San Martín,Gral. Jose de San Martin|Libertador,,Departamento,Department,,AR.CC.LM
ARG,Argentina,ARG.3_1,Chaco,,ARG.3.13_1,Maipú,Tres Isletas,,Departamento,Department,,AR.CC.MA
ARG,Argentina,ARG.3_1,Chaco,,ARG.3.14_1,Mayor Luis J. Fontana,Villa Angela|Mayor Luis J. Fonta,,Departamento,Department,,AR.CC.MF
ARG,Argentina,ARG.3_1,Chaco,,ARG.3.15_1,Nueve de Julio,Las Brenas|9 de Julio,,Departamento,Department,,AR.CC.NJ
ARG,Argentina,ARG.3_1,Chaco,,ARG.3.16_1,O'Higgins,San Bernardo|O. Higgins,,Departamento,Department,,AR.CC.OH
ARG,Argentina,ARG.3_1,Chaco,,ARG.3.17_1,Presidencia de la Plaza,Presidente d,,Departamento,Department,,AR.CC.PP
ARG,Argentina,ARG.3_1,Chaco,,ARG.3.18_1,Primero de Mayo,Margarita Belen|1ro. de Mayo,,Departamento,Department,,AR.CC.PM
ARG,Argentina,ARG.3_1,Chaco,,ARG.3.19_1,Quitilipi,,,Departamento,Department,,AR.CC.QU
ARG,Argentina,ARG.3_1,Chaco,,ARG.3.20_1,San Fernando,Resistencia,,Departamento,Department,,AR.CC.SF
ARG,Argentina,ARG.3_1,Chaco,,ARG.3.21_1,San Lorenzo,Villa Berthet,,Departamento,Department,,AR.CC.SL
ARG,Argentina,ARG.3_1,Chaco,,ARG.3.22_1,Sargento Cabral,Colonia Elisa,,Departamento,Department,,AR.CC.SC
ARG,Argentina,ARG.3_1,Chaco,,ARG.3.23_1,Tapenagá,Charadai|Tapenag,,Departamento,Department,,AR.CC.TA
ARG,Argentina,ARG.3_1,Chaco,,ARG.3.24_1,Veinticinco de Mayo,Machagai|25 de Mayo,,Departamento,Department,,AR.CC.VM
ARG,Argentina,ARG.4_1,Chubut,,ARG.4.1_1,Biedma,Puerto Madryn,,Departamento,Department,,AR.CH.BI
ARG,Argentina,ARG.4_1,Chubut,,ARG.4.2_1,Cushamen,Leleque,,Departamento,Department,,AR.CH.CU
ARG,Argentina,ARG.4_1,Chubut,,ARG.4.3_1,Escalante,Comodoro Rivadavia,,Departamento,Department,,AR.CH.ES
ARG,Argentina,ARG.4_1,Chubut,,ARG.4.4_1,Florentino Ameghino,Camarones,,Departamento,Department,,AR.CH.FA
ARG,Argentina,ARG.4_1,Chubut,,ARG.4.5_1,Futaleufú,Esquel,,Departamento,Department,,AR.CH.FU
ARG,Argentina,ARG.4_1,Chubut,,ARG.4.6_1,Gaiman,,,Departamento,Department,,AR.CH.GM
ARG,Argentina,ARG.4_1,Chubut,,ARG.4.7_1,Gastre,,,Departamento,Department,,AR.CH.GS
ARG,Argentina,ARG.4_1,Chubut,,ARG.4.8_1,Langui?eo,Tecka,,Departamento,Department,,AR.CH.LA
ARG,Argentina,ARG.4_1,Chubut,,ARG.4.9_1,Mártires,Las Plumas|Martines,,Departamento,Department,,AR.CH.MA
ARG,Argentina,ARG.4_1,Chubut,,ARG.4.10_1,Paso de Indios,,,Departamento,Department,,AR.CH.PI
ARG,Argentina,ARG.4_1,Chubut,,ARG.4.11_1,Rawson,,,Departamento,Department,,AR.CH.RA
ARG,Argentina,ARG.4_1,Chubut,,ARG.4.12_1,Rió Senguer,Rio Senguerr|Rio Senguerr,,Departamento,Department,,AR.CH.RS
ARG,Argentina,ARG.4_1,Chubut,,ARG.4.13_1,Sarmiento,,,Departamento,Department,,AR.CH.SA
ARG,Argentina,ARG.4_1,Chubut,,ARG.4.14_1,Tehuelches,Jose de San Martin,,Departamento,Department,,AR.CH.TH
ARG,Argentina,ARG.4_1,Chubut,,ARG.4.15_1,Telsen,,,Departamento,Department,,AR.CH.TN
ARG,Argentina,ARG.5_1,Ciudad de Buenos Aires,,ARG.5.1_1,Distrito Federal,Distrito Escolar X|Capital Federal,,Distrito Federal,Federal District,,AR.DF.DF
ARG,Argentina,ARG.6_1,Córdoba,,ARG.6.1_1,Calamuchita,San Agustin,,Departamento,Department,,AR.CB.CA
ARG,Argentina,ARG.6_1,Córdoba,,ARG.6.2_1,Capital,Cordoba|Capital (Córdoba),,Departamento,Department,,AR.CB.CB
ARG,Argentina,ARG.6_1,Córdoba,,ARG.6.3_1,Colón,Jesus Maria,,Departamento,Department,,AR.CB.CO
ARG,Argentina,ARG.6_1,Córdoba,,ARG.6.4_1,Cruz del Eje,,,Departamento,Department,,AR.CB.CE
ARG,Argentina,ARG.6_1,Córdoba,,ARG.6.5_1,General Roca,Villa Huidobro,,Departamento,Department,,AR.CB.GR
ARG,Argentina,ARG.6_1,Córdoba,,ARG.6.6_1,General San Martín,General San Martín,,Departamento,Department,,AR.CB.GM
ARG,Argentina,ARG.6_1,Córdoba,,ARG.6.7_1,Ischilín,Dean Funes,,Departamento,Department,,AR.CB.IS
ARG,Argentina,ARG.6_1,Córdoba,,ARG.6.8_1,Juárez Celman,La Carlota,,Departamento,Department,,AR.CB.JC
ARG,Argentina,ARG.6_1,Córdoba,,ARG.6.9_1,Marcos Juárez,,,Departamento,Department,,AR.CB.MJ
ARG,Argentina,ARG.6_1,Córdoba,,ARG.6.10_1,Minas,San Carlos,,Departamento,Department,,AR.CB.MI
ARG,Argentina,ARG.6_1,Córdoba,,ARG.6.11_1,Pocho,Salsacate,,Departamento,Department,,AR.CB.PO
ARG,Argentina,ARG.6_1,Córdoba,,ARG.6.12_1,Presidente Roque Sáenz Pe?a,Laboulaye|Presidente Roque S enz Pe,,Departamento,Department,,AR.CB.PP
ARG,Argentina,ARG.6_1,Córdoba,,ARG.6.13_1,Punilla,Cosquin,,Departamento,Department,,AR.CB.PU
ARG,Argentina,ARG.6_1,Córdoba,,ARG.6.14_1,Rió Cuarto,,,Departamento,Department,,AR.CB.RC
ARG,Argentina,ARG.6_1,Córdoba,,ARG.6.15_1,Rió Primero,Santa Rosa del Rio Primer|Rio Primer,,Departamento,Department,,AR.CB.RP
ARG,Argentina,ARG.6_1,Córdoba,,ARG.6.16_1,Rió Seco,Villa de Maria,,Departamento,Department,,AR.CB.RS
ARG,Argentina,ARG.6_1,Córdoba,,ARG.6.17_1,Rió Segundo,Villa del Rosario,,Departamento,Department,,AR.CB.RG
ARG,Argentina,ARG.6_1,Córdoba,,ARG.6.18_1,San Alberto,Villa Cura Brochero,,Departamento,Department,,AR.CB.SA
ARG,Argentina,ARG.6_1,Córdoba,,ARG.6.19_1,San Javier,Villa Dolores,,Departamento,Department,,AR.CB.SV
ARG,Argentina,ARG.6_1,Córdoba,,ARG.6.20_1,San Justo,San Francisco,,Departamento,Department,,AR.CB.SJ
ARG,Argentina,ARG.6_1,Córdoba,,ARG.6.21_1,Santa María,Alta Gracia,,Departamento,Department,,AR.CB.SM
ARG,Argentina,ARG.6_1,Córdoba,,ARG.6.22_1,Sobremonte,San Francisco del Canar,,Departamento,Department,,AR.CB.SO
ARG,Argentina,ARG.6_1,Córdoba,,ARG.6.23_1,Tercero Arriba,Oliva,,Departamento,Department,,AR.CB.TA
ARG,Argentina,ARG.6_1,Córdoba,,ARG.6.24_1,Totoral,Villa General Mitre,,Departamento,Department,,AR.CB.TO
ARG,Argentina,ARG.6_1,Córdoba,,ARG.6.25_1,Tulumba,Villa Tulumba,,Departamento,Department,,AR.CB.TU
ARG,Argentina,ARG.6_1,Córdoba,,ARG.6.26_1,Unión,Bell Ville,,Departamento,Department,,AR.CB.UN
ARG,Argentina,ARG.7_1,Corrientes,,ARG.7.1_1,Bella Vista,,,Departamento,Department,,AR.CN.BV
ARG,Argentina,ARG.7_1,Corrientes,,ARG.7.2_1,Berón de Astrada,,,Departamento,Department,,AR.CN.BA
ARG,Argentina,ARG.7_1,Corrientes,,ARG.7.3_1,Capital,Corrientes|Capital (Corrientes),,Departamento,Department,,AR.CN.CN
ARG,Argentina,ARG.7_1,Corrientes,,ARG.7.4_1,Concepción,,,Departamento,Department,,AR.CN.CO
ARG,Argentina,ARG.7_1,Corrientes,,ARG.7.5_1,Curuzú Cuatiá,,,Departamento,Department,,AR.CN.CC
ARG,Argentina,ARG.7_1,Corrientes,,ARG.7.6_1,Empedrado,,,Departamento,Department,,AR.CN.EM
ARG,Argentina,ARG.7_1,Corrientes,,ARG.7.7_1,Esquina,,,Departamento,Department,,AR.CN.ES
ARG,Argentina,ARG.7_1,Corrientes,,ARG.7.8_1,General Alvear,Alvear,,Departamento,Department,,AR.CN.GA
ARG,Argentina,ARG.7_1,Corrientes,,ARG.7.9_1,General Paz,Ganeral Paz,,Departamento,Department,,AR.CN.GP
ARG,Argentina,ARG.7_1,Corrientes,,ARG.7.10_1,Goya,,,Departamento,Department,,AR.CN.GO
ARG,Argentina,ARG.7_1,Corrientes,,ARG.7.11_1,Itatí,,,Departamento,Department,,AR.CN.IT
ARG,Argentina,ARG.7_1,Corrientes,,ARG.7.12_1,Ituzaingó,,,Departamento,Department,,AR.CN.IZ
ARG,Argentina,ARG.7_1,Corrientes,,ARG.7.13_1,Lavalle,,,Departamento,Department,,AR.CN.LA
ARG,Argentina,ARG.7_1,Corrientes,,ARG.7.14_1,Mburucuyá,Mburucuy|Mburucuy,,Departamento,Department,,AR.CN.MB
ARG,Argentina,ARG.7_1,Corrientes,,ARG.7.15_1,Mercedes,,,Departamento,Department,,AR.CN.ME
ARG,Argentina,ARG.7_1,Corrientes,,ARG.7.16_1,Monte Caseros,,,Departamento,Department,,AR.CN.MC
ARG,Argentina,ARG.7_1,Corrientes,,ARG.7.17_1,Paso de los Libres,,,Departamento,Department,,AR.CN.PL
ARG,Argentina,ARG.7_1,Corrientes,,ARG.7.18_1,Saladas,,,Departamento,Department,,AR.CN.SL
ARG,Argentina,ARG.7_1,Corrientes,,ARG.7.19_1,San Cosme,,,Departamento,Department,,AR.CN.SC
ARG,Argentina,ARG.7_1,Corrientes,,ARG.7.20_1,San Luis del Palmar,San Luis del Pal,,Departamento,Department,,AR.CN.SP
ARG,Argentina,ARG.7_1,Corrientes,,ARG.7.21_1,San Martín,La Cruz,,Departamento,Department,,AR.CN.SM
ARG,Argentina,ARG.7_1,Corrientes,,ARG.7.22_1,San Miguel,,,Departamento,Department,,AR.CN.SG
ARG,Argentina,ARG.7_1,Corrientes,,ARG.7.23_1,San Roque,,,Departamento,Department,,AR.CN.SR
ARG,Argentina,ARG.7_1,Corrientes,,ARG.7.24_1,Santo Tomé,,,Departamento,Department,,AR.CN.ST
ARG,Argentina,ARG.7_1,Corrientes,,ARG.7.25_1,Sauce,,,Departamento,Department,,AR.CN.SA
ARG,Argentina,ARG.8_1,Entre Ríos,,ARG.8.1_1,Colón,,,Departamento,Department,,AR.ER.CO
ARG,Argentina,ARG.8_1,Entre Ríos,,ARG.8.2_1,Concordia,,,Departamento,Department,,AR.ER.CC
ARG,Argentina,ARG.8_1,Entre Ríos,,ARG.8.3_1,Diamante,,,Departamento,Department,,AR.ER.DI
ARG,Argentina,ARG.8_1,Entre Ríos,,ARG.8.4_1,Federación,,,Departamento,Department,,AR.ER.FC
ARG,Argentina,ARG.8_1,Entre Ríos,,ARG.8.5_1,Federal,,,Departamento,Department,,AR.ER.FE
ARG,Argentina,ARG.8_1,Entre Ríos,,ARG.8.6_1,Feliciano,San Jase de Feliciano,,Departamento,Department,,AR.ER.FL
ARG,Argentina,ARG.8_1,Entre Ríos,,ARG.8.7_1,Gualeguay,,,Departamento,Department,,AR.ER.GG
ARG,Argentina,ARG.8_1,Entre Ríos,,ARG.8.8_1,Gualeguaychú,,,Departamento,Department,,AR.ER.GC
ARG,Argentina,ARG.8_1,Entre Ríos,,ARG.8.9_1,Isla,,,Departamento,Department,,
ARG,Argentina,ARG.8_1,Entre Ríos,,ARG.8.10_1,Islas del Ibicuy,Villa Paranacito,,Departamento,Department,,AR.ER.II
ARG,Argentina,ARG.8_1,Entre Ríos,,ARG.8.11_1,La Paz,,,Departamento,Department,,AR.ER.LP
ARG,Argentina,ARG.8_1,Entre Ríos,,ARG.8.12_1,Nogoyá,,,Departamento,Department,,AR.ER.NO
ARG,Argentina,ARG.8_1,Entre Ríos,,ARG.8.13_1,Paraná,,,Departamento,Department,,AR.ER.PA
ARG,Argentina,ARG.8_1,Entre Ríos,,ARG.8.14_1,Tala,Rosario del Tala,,Departamento,Department,,AR.ER.TA
ARG,Argentina,ARG.8_1,Entre Ríos,,ARG.8.15_1,Uruguay,Concepcion del Uruguay,,Departamento,Department,,AR.ER.UR
ARG,Argentina,ARG.8_1,Entre Ríos,,ARG.8.16_1,Victoria,,,Departamento,Department,,AR.ER.VC
ARG,Argentina,ARG.8_1,Entre Ríos,,ARG.8.17_1,Villaguay,,,Departamento,Department,,AR.ER.VG
ARG,Argentina,ARG.9_1,Formosa,,ARG.9.1_1,Bermejo,Laguna Yema,,Departamento,Department,,AR.FM.BE
ARG,Argentina,ARG.9_1,Formosa,,ARG.9.2_1,Formosa,,,Departamento,Department,,AR.FM.FO
ARG,Argentina,ARG.9_1,Formosa,,ARG.9.3_1,Laishi,Herradura,,Departamento,Department,,AR.FM.LA
ARG,Argentina,ARG.9_1,Formosa,,ARG.9.4_1,Matacos,Ingeniero Juarez,,Departamento,Department,,AR.FM.MA
ARG,Argentina,ARG.9_1,Formosa,,ARG.9.5_1,Pati?o,Comandante Fontana,,Departamento,Department,,AR.FM.PA
ARG,Argentina,ARG.9_1,Formosa,,ARG.9.6_1,Pilagás,Espinillo,,Departamento,Department,,AR.FM.PG
ARG,Argentina,ARG.9_1,Formosa,,ARG.9.7_1,Pilcomayo,Clorinda,,Departamento,Department,,AR.FM.PM
ARG,Argentina,ARG.9_1,Formosa,,ARG.9.8_1,Pirané,,,Departamento,Department,,AR.FM.PR
ARG,Argentina,ARG.9_1,Formosa,,ARG.9.9_1,Ramón Lista,El Chorro,,Departamento,Department,,AR.FM.RL
ARG,Argentina,ARG.10_1,Jujuy,,ARG.10.1_1,Capital,San Salvador de Jujuy|Doctor Manuel Belgrano|Capital (San Salvador de Jujuy),,Departamento,Department,,
ARG,Argentina,ARG.10_1,Jujuy,,ARG.10.2_1,Cochinoca,Abra Pampa,,Departamento,Department,,AR.JY.CO
ARG,Argentina,ARG.10_1,Jujuy,,ARG.10.3_1,El Carmen,,,Departamento,Department,,AR.JY.EC
ARG,Argentina,ARG.10_1,Jujuy,,ARG.10.4_1,Humahuaca,,,Departamento,Department,,AR.JY.HU
ARG,Argentina,ARG.10_1,Jujuy,,ARG.10.5_1,Ledesma,Lib. Gral. San Martin,,Departamento,Department,,AR.JY.LE
ARG,Argentina,ARG.10_1,Jujuy,,ARG.10.6_1,Palpalá,,,Departamento,Department,,AR.JY.PA
ARG,Argentina,ARG.10_1,Jujuy,,ARG.10.7_1,Rinconada,,,Departamento,Department,,AR.JY.RI
ARG,Argentina,ARG.10_1,Jujuy,,ARG.10.8_1,San Antonio,,,Departamento,Department,,AR.JY.SA
ARG,Argentina,ARG.10_1,Jujuy,,ARG.10.9_1,San Pedro,,,Departamento,Department,,AR.JY.SP
ARG,Argentina,ARG.10_1,Jujuy,,ARG.10.10_1,Santa Bárbara,Santa Clara,,Departamento,Department,,AR.JY.SB
ARG,Argentina,ARG.10_1,Jujuy,,ARG.10.11_1,Santa Catalina,,,Departamento,Department,,AR.JY.SC
ARG,Argentina,ARG.10_1,Jujuy,,ARG.10.12_1,Susques,,,Departamento,Department,,AR.JY.SU
ARG,Argentina,ARG.10_1,Jujuy,,ARG.10.13_1,Tilcara,,,Departamento,Department,,AR.JY.TI
ARG,Argentina,ARG.10_1,Jujuy,,ARG.10.14_1,Tumbaya,,,Departamento,Department,,AR.JY.TU
ARG,Argentina,ARG.10_1,Jujuy,,ARG.10.15_1,Valle Grande,,,Departamento,Department,,AR.JY.VG
ARG,Argentina,ARG.10_1,Jujuy,,ARG.10.16_1,Yavi,La Quiaca,,Departamento,Department,,AR.JY.YA
ARG,Argentina,ARG.11_1,La Pampa,,ARG.11.1_1,Atreucó,Macachin,,Departamento,Department,,AR.LP.AT
ARG,Argentina,ARG.11_1,La Pampa,,ARG.11.2_1,Caleu Caleu,Rio Colorado,,Departamento,Department,,AR.LP.CL
ARG,Argentina,ARG.11_1,La Pampa,,ARG.11.3_1,Capital,Santa Rosa|Capital (Santa Rosa),,Departamento,Department,,AR.LP.SR
ARG,Argentina,ARG.11_1,La Pampa,,ARG.11.4_1,Catriló,,,Departamento,Department,,AR.LP.CA
ARG,Argentina,ARG.11_1,La Pampa,,ARG.11.5_1,Chalileo,Santa Isabel,,Departamento,Department,,AR.LP.CH
ARG,Argentina,ARG.11_1,La Pampa,,ARG.11.6_1,Chapaleufú,Intendente Alvear,,Departamento,Department,,AR.LP.CP
ARG,Argentina,ARG.11_1,La Pampa,,ARG.11.7_1,Chical Có,Puelches,,Departamento,Department,,AR.LP.CC
ARG,Argentina,ARG.11_1,La Pampa,,ARG.11.8_1,Conhelo,Eduardo Castex|Conhello,,Departamento,Department,,AR.LP.CO
ARG,Argentina,ARG.11_1,La Pampa,,ARG.11.9_1,Curacó,Puelches|Cura Co,,Departamento,Department,,AR.LP.CU
ARG,Argentina,ARG.11_1,La Pampa,,ARG.11.10_1,Guatraché,,,Departamento,Department,,AR.LP.GU
ARG,Argentina,ARG.11_1,La Pampa,,ARG.11.11_1,Hucal,Bernasconi,,Departamento,Department,,AR.LP.HU
ARG,Argentina,ARG.11_1,La Pampa,,ARG.11.12_1,Lihuel Calel,Cuchillo Co,,Departamento,Department,,AR.LP.UC
ARG,Argentina,ARG.11_1,La Pampa,,ARG.11.13_1,Limay Mahuida,,,Departamento,Department,,AR.LP.LM
ARG,Argentina,ARG.11_1,La Pampa,,ARG.11.14_1,Loventué,Victorica,,Departamento,Department,,AR.LP.LO
ARG,Argentina,ARG.11_1,La Pampa,,ARG.11.15_1,Maracó,General Pico,,Departamento,Department,,AR.LP.MA
ARG,Argentina,ARG.11_1,La Pampa,,ARG.11.16_1,Puelén,Colonia 25 de Mayo|Pulen,,Departamento,Department,,AR.LP.PU
ARG,Argentina,ARG.11_1,La Pampa,,ARG.11.17_1,Quemú Quemú,,,Departamento,Department,,AR.LP.QQ
ARG,Argentina,ARG.11_1,La Pampa,,ARG.11.18_1,Rancul,Parera,,Departamento,Department,,AR.LP.RA
ARG,Argentina,ARG.11_1,La Pampa,,ARG.11.19_1,Realicó,Ralico|Ralico,,Departamento,Department,,AR.LP.RE
ARG,Argentina,ARG.11_1,La Pampa,,ARG.11.20_1,Toay,,,Departamento,Department,,AR.LP.TO
ARG,Argentina,ARG.11_1,La Pampa,,ARG.11.21_1,Trenel,,,Departamento,Department,,AR.LP.TR
ARG,Argentina,ARG.11_1,La Pampa,,ARG.11.22_1,Utracán,General Acha|Ultracan,,Departamento,Department,,AR.LP.UT
ARG,Argentina,ARG.12_1,La Rioja,,ARG.12.1_1,Arauco,Aimogasta,,Departamento,Department,,AR.LR.AR
ARG,Argentina,ARG.12_1,La Rioja,,ARG.12.2_1,Capital,La Rioja|Capital (La Rioja),,Departamento,Department,,AR.LR.LR
ARG,Argentina,ARG.12_1,La Rioja,,ARG.12.3_1,Castro Barros,Aminga,,Departamento,Department,,AR.LR.CB
ARG,Argentina,ARG.12_1,La Rioja,,ARG.12.4_1,Chamical,Gobernador Gordillo,,Departamento,Department,,AR.LR.CM
ARG,Argentina,ARG.12_1,La Rioja,,ARG.12.5_1,Chilecito,,,Departamento,Department,,AR.LR.CL
ARG,Argentina,ARG.12_1,La Rioja,,ARG.12.6_1,Coronel Felipe Varela,Villa Union|General Lavalle,,Departamento,Department,,
ARG,Argentina,ARG.12_1,La Rioja,,ARG.12.7_1,Famatina,,,Departamento,Department,,AR.LR.FA
ARG,Argentina,ARG.12_1,La Rioja,,ARG.12.8_1,General Angel Vicente Pe?aloza,Tama|General Angel V. Pesaloza,,Departamento,Department,,AR.LR.GP
ARG,Argentina,ARG.12_1,La Rioja,,ARG.12.9_1,General Belgrano,Olta,,Departamento,Department,,AR.LR.GB
ARG,Argentina,ARG.12_1,La Rioja,,ARG.12.10_1,General Juan Facundo Quiroga,Malanzan|General Juan F. Quiroga,,Departamento,Department,,AR.LR.GQ
ARG,Argentina,ARG.12_1,La Rioja,,ARG.12.11_1,General Lamadrid,Villa Castelli,,Departamento,Department,,AR.LR.GL
ARG,Argentina,ARG.12_1,La Rioja,,ARG.12.12_1,General Ocampo,Villa Santa Rita,,Departamento,Department,,AR.LR.GO
ARG,Argentina,ARG.12_1,La Rioja,,ARG.12.13_1,General San Martín,Ulapes,,Departamento,Department,,AR.LR.GM
ARG,Argentina,ARG.12_1,La Rioja,,ARG.12.14_1,Independencia,Patquia,,Departamento,Department,,AR.LR.IN
ARG,Argentina,ARG.12_1,La Rioja,,ARG.12.15_1,Rosario Vera Pe?aloza,Chepes,,Departamento,Department,,AR.LR.RP
ARG,Argentina,ARG.12_1,La Rioja,,ARG.12.16_1,San Blas de los Sauces,San Blas,,Departamento,Department,,AR.LR.SS
ARG,Argentina,ARG.12_1,La Rioja,,ARG.12.17_1,Sanagasta,Villa Bustos,,Departamento,Department,,AR.LR.SA
ARG,Argentina,ARG.12_1,La Rioja,,ARG.12.18_1,Vinchina,General Sarmiento,,Departamento,Department,,AR.LR.VI
ARG,Argentina,ARG.13_1,Mendoza,,ARG.13.1_1,Capital,Mendoza|Capital (Mendoza),,Departamento,Department,,AR.MZ.MZ
ARG,Argentina,ARG.13_1,Mendoza,,ARG.13.2_1,General Alvear,,,Departamento,Department,,AR.MZ.GA
ARG,Argentina,ARG.13_1,Mendoza,,ARG.13.3_1,Godoy Cruz,,,Departamento,Department,,AR.MZ.GC
ARG,Argentina,ARG.13_1,Mendoza,,ARG.13.4_1,Guaymallén,,,Departamento,Department,,AR.MZ.GU
ARG,Argentina,ARG.13_1,Mendoza,,ARG.13.5_1,Junín,,,Departamento,Department,,AR.MZ.JU
ARG,Argentina,ARG.13_1,Mendoza,,ARG.13.6_1,La Paz,,,Departamento,Department,,AR.MZ.LP
ARG,Argentina,ARG.13_1,Mendoza,,ARG.13.7_1,Las Heras,,,Departamento,Department,,AR.MZ.LH
ARG,Argentina,ARG.13_1,Mendoza,,ARG.13.8_1,Lavalle,Tulumaya,,Departamento,Department,,AR.MZ.LA
ARG,Argentina,ARG.13_1,Mendoza,,ARG.13.9_1,Luján de Cuyo,Lujan|Lujan,,Departamento,Department,,AR.MZ.LC
ARG,Argentina,ARG.13_1,Mendoza,,ARG.13.10_1,Maipú,,,Departamento,Department,,AR.MZ.MP
ARG,Argentina,ARG.13_1,Mendoza,,ARG.13.11_1,Malargüe,Malarge|Malarge,,Departamento,Department,,AR.MZ.ML
ARG,Argentina,ARG.13_1,Mendoza,,ARG.13.12_1,Rivadavia,,,Departamento,Department,,AR.MZ.RI
ARG,Argentina,ARG.13_1,Mendoza,,ARG.13.13_1,San Carlos,,,Departamento,Department,,AR.MZ.SC
ARG,Argentina,ARG.13_1,Mendoza,,ARG.13.14_1,San Martín,,,Departamento,Department,,AR.MZ.SM
ARG,Argentina,ARG.13_1,Mendoza,,ARG.13.15_1,San Rafael,,,Departamento,Department,,AR.MZ.SR
ARG,Argentina,ARG.13_1,Mendoza,,ARG.13.16_1,Santa Rosa,,,Departamento,Department,,AR.MZ.ST
ARG,Argentina,ARG.13_1,Mendoza,,ARG.13.17_1,Tunuyán,,,Departamento,Department,,AR.MZ.TN
ARG,Argentina,ARG.13_1,Mendoza,,ARG.13.18_1,Tupungato,,,Departamento,Department,,AR.MZ.TP
ARG,Argentina,ARG.14_1,Misiones,,ARG.14.1_1,Apóstoles,,,Departamento,Department,,AR.MN.AP
ARG,Argentina,ARG.14_1,Misiones,,ARG.14.2_1,Cainguás,Campo Grande,,Departamento,Department,,AR.MN.CG
ARG,Argentina,ARG.14_1,Misiones,,ARG.14.3_1,Candelaria,Santa Ana,,Departamento,Department,,AR.MN.CD
ARG,Argentina,ARG.14_1,Misiones,,ARG.14.4_1,Capital,Posadas|Capital (Posadas),,Departamento,Department,,AR.MN.PS
ARG,Argentina,ARG.14_1,Misiones,,ARG.14.5_1,Concepción,Concepcion de la Sierra,,Departamento,Department,,AR.MN.CO
ARG,Argentina,ARG.14_1,Misiones,,ARG.14.6_1,Eldorado,,,Departamento,Department,,AR.MN.ED
ARG,Argentina,ARG.14_1,Misiones,,ARG.14.7_1,General Manuel Belgrano,Bernardo de Irigoyen,,Departamento,Department,,AR.MN.GB
ARG,Argentina,ARG.14_1,Misiones,,ARG.14.8_1,Guaraní,El Soberbio,,Departamento,Department,,AR.MN.GU
ARG,Argentina,ARG.14_1,Misiones,,ARG.14.9_1,Iguazú,Wanda,,Departamento,Department,,AR.MN.IG
ARG,Argentina,ARG.14_1,Misiones,,ARG.14.10_1,Leandro N. Alem,,,Departamento,Department,,AR.MN.LA
ARG,Argentina,ARG.14_1,Misiones,,ARG.14.11_1,Libertador General San Martín,Libertador General San Ma|Libertador,,Departamento,Department,,AR.MN.LM
ARG,Argentina,ARG.14_1,Misiones,,ARG.14.12_1,Montecarlo,,,Departamento,Department,,AR.MN.MO
ARG,Argentina,ARG.14_1,Misiones,,ARG.14.13_1,Oberá,,,Departamento,Department,,AR.MN.OB
ARG,Argentina,ARG.14_1,Misiones,,ARG.14.14_1,San Ignacio,,,Departamento,Department,,AR.MN.SI
ARG,Argentina,ARG.14_1,Misiones,,ARG.14.15_1,San Javier,,,Departamento,Department,,AR.MN.SJ
ARG,Argentina,ARG.14_1,Misiones,,ARG.14.16_1,San Pedro,,,Departamento,Department,,AR.MN.SP
ARG,Argentina,ARG.14_1,Misiones,,ARG.14.17_1,Veinticinco de Mayo,Alba Pose|25 de Mayo,,Departamento,Department,,AR.MN.VM
ARG,Argentina,ARG.15_1,Neuquén,,ARG.15.1_1,Aluminé,,,Departamento,Department,,AR.NQ.AL
ARG,Argentina,ARG.15_1,Neuquén,,ARG.15.2_1,A?elo,,,Departamento,Department,,AR.NQ.AN
ARG,Argentina,ARG.15_1,Neuquén,,ARG.15.3_1,Catán Lil,Las Coloradas,,Departamento,Department,,AR.NQ.CL
ARG,Argentina,ARG.15_1,Neuquén,,ARG.15.4_1,Chos Malal,,,Departamento,Department,,AR.NQ.CM
ARG,Argentina,ARG.15_1,Neuquén,,ARG.15.5_1,Collón Curá,Piedra del Aguila,,Departamento,Department,,AR.NQ.CC
ARG,Argentina,ARG.15_1,Neuquén,,ARG.15.6_1,Confluencia,Neuquen,,Departamento,Department,,AR.NQ.CO
ARG,Argentina,ARG.15_1,Neuquén,,ARG.15.7_1,Huiliches,Junin de los Andes,,Departamento,Department,,AR.NQ.HU
ARG,Argentina,ARG.15_1,Neuquén,,ARG.15.8_1,Lacar,San Martin de los Andes,,Departamento,Department,,AR.NQ.LA
ARG,Argentina,ARG.15_1,Neuquén,,ARG.15.9_1,Loncopué,,,Departamento,Department,,AR.NQ.LO
ARG,Argentina,ARG.15_1,Neuquén,,ARG.15.10_1,Los Lagos,Villa la Angostura,,Departamento,Department,,AR.NQ.LL
ARG,Argentina,ARG.15_1,Neuquén,,ARG.15.11_1,Minas,Andacollo,,Departamento,Department,,AR.NQ.MI
ARG,Argentina,ARG.15_1,Neuquén,,ARG.15.12_1,?orquín,El Huecu|Nroquin,,Departamento,Department,,AR.NQ.NO
ARG,Argentina,ARG.15_1,Neuquén,,ARG.15.13_1,Pehuenches,Buta Ranquil,,Departamento,Department,,AR.NQ.PE
ARG,Argentina,ARG.15_1,Neuquén,,ARG.15.14_1,Picún Leufú,,,Departamento,Department,,AR.NQ.PL
ARG,Argentina,ARG.15_1,Neuquén,,ARG.15.15_1,Picunches,Las Lajas,,Departamento,Department,,AR.NQ.PI
ARG,Argentina,ARG.15_1,Neuquén,,ARG.15.16_1,Zapala,,,Departamento,Department,,AR.NQ.ZA
ARG,Argentina,ARG.16_1,Río Negro,,ARG.16.1_1,Adolfo Alsina,Viedma,,Departamento,Department,,AR.RN.AA
ARG,Argentina,ARG.16_1,Río Negro,,ARG.16.2_1,Avellaneda,Choele Choel,,Departamento,Department,,AR.RN.AV
ARG,Argentina,ARG.16_1,Río Negro,,ARG.16.3_1,Bariloche,San Carlos de Barioche|Barioche,,Departamento,Department,,AR.RN.BA
ARG,Argentina,ARG.16_1,Río Negro,,ARG.16.4_1,Conesa,General Conesa,,Departamento,Department,,AR.RN.CO
ARG,Argentina,ARG.16_1,Río Negro,,ARG.16.5_1,El Cuy,,,Departamento,Department,,AR.RN.EC
ARG,Argentina,ARG.16_1,Río Negro,,ARG.16.6_1,General Roca,,,Departamento,Department,,AR.RN.GR
ARG,Argentina,ARG.16_1,Río Negro,,ARG.16.7_1,?orquinco,,,Departamento,Department,,AR.RN.NO
ARG,Argentina,ARG.16_1,Río Negro,,ARG.16.8_1,Nueve de Julio,Sierra Colorada|9 de Julio,,Departamento,Department,,AR.RN.NJ
ARG,Argentina,ARG.16_1,Río Negro,,ARG.16.9_1,Pichi Mahuida,Rio Colorado,,Departamento,Department,,AR.RN.PM
ARG,Argentina,ARG.16_1,Río Negro,,ARG.16.10_1,Pilcaniyeu,,,Departamento,Department,,AR.RN.PI
ARG,Argentina,ARG.16_1,Río Negro,,ARG.16.11_1,San Antonio,San Antonio Oeste,,Departamento,Department,,AR.RN.SA
ARG,Argentina,ARG.16_1,Río Negro,,ARG.16.12_1,Valcheta,,,Departamento,Department,,AR.RN.VA
ARG,Argentina,ARG.16_1,Río Negro,,ARG.16.13_1,Veinticinco de Mayo,Maquinchao|25 de Mayo,,Departamento,Department,,AR.RN.VM
ARG,Argentina,ARG.17_1,Salta,,ARG.17.1_1,Anta,,,Departamento,Department,,AR.SA.AN
ARG,Argentina,ARG.17_1,Salta,,ARG.17.2_1,Cachi,,,Departamento,Department,,AR.SA.CA
ARG,Argentina,ARG.17_1,Salta,,ARG.17.3_1,Cafayate,,,Departamento,Department,,AR.SA.CF
ARG,Argentina,ARG.17_1,Salta,,ARG.17.4_1,Capital,Salta|Capital (Salta),,Departamento,Department,,AR.SA.SA
ARG,Argentina,ARG.17_1,Salta,,ARG.17.5_1,Cerrillos,,,Departamento,Department,,AR.SA.CE
ARG,Argentina,ARG.17_1,Salta,,ARG.17.6_1,Chicoana,,,Departamento,Department,,AR.SA.CH
ARG,Argentina,ARG.17_1,Salta,,ARG.17.7_1,General Güemes,Gral. Martin M. Güemes,,Departamento,Department,,AR.SA.GG
ARG,Argentina,ARG.17_1,Salta,,ARG.17.8_1,General José de San Martín,General Jose de San Marti|General Jo,,Departamento,Department,,AR.SA.GM
ARG,Argentina,ARG.17_1,Salta,,ARG.17.9_1,Guachipas,,,Departamento,Department,,AR.SA.GU
ARG,Argentina,ARG.17_1,Salta,,ARG.17.10_1,Iruya,,,Departamento,Department,,AR.SA.IR
ARG,Argentina,ARG.17_1,Salta,,ARG.17.11_1,La Caldera,Caldera,,Departamento,Department,,AR.SA.LC
ARG,Argentina,ARG.17_1,Salta,,ARG.17.12_1,La Candelaria,Candelaria,,Departamento,Department,,AR.SA.LD
ARG,Argentina,ARG.17_1,Salta,,ARG.17.13_1,La Poma,Poma,,Departamento,Department,,AR.SA.LP
ARG,Argentina,ARG.17_1,Salta,,ARG.17.14_1,La Vi?a,,,Departamento,Department,,AR.SA.LV
ARG,Argentina,ARG.17_1,Salta,,ARG.17.15_1,Los Andes,San Antonio de los Cobres,,Departamento,Department,,AR.SA.LA
ARG,Argentina,ARG.17_1,Salta,,ARG.17.16_1,Metán,,,Departamento,Department,,AR.SA.ME
ARG,Argentina,ARG.17_1,Salta,,ARG.17.17_1,Molinos,,,Departamento,Department,,AR.SA.MO
ARG,Argentina,ARG.17_1,Salta,,ARG.17.18_1,Orán,S. Ramon de la N. Oran,,Departamento,Department,,AR.SA.OR
ARG,Argentina,ARG.17_1,Salta,,ARG.17.19_1,Rivadavia,,,Departamento,Department,,AR.SA.RI
ARG,Argentina,ARG.17_1,Salta,,ARG.17.20_1,Rosario de la Frontera,,,Departamento,Department,,AR.SA.RF
ARG,Argentina,ARG.17_1,Salta,,ARG.17.21_1,Rosario de Lerma,,,Departamento,Department,,AR.SA.RL
ARG,Argentina,ARG.17_1,Salta,,ARG.17.22_1,San Carlos,,,Departamento,Department,,AR.SA.SC
ARG,Argentina,ARG.17_1,Salta,,ARG.17.23_1,Santa Victoria,,,Departamento,Department,,AR.SA.SV
ARG,Argentina,ARG.18_1,San Juan,,ARG.18.1_1,Albardón,,,Departamento,Department,,AR.SJ.AL
ARG,Argentina,ARG.18_1,San Juan,,ARG.18.2_1,Angaco,Villa del Salvador,,Departamento,Department,,AR.SJ.AN
ARG,Argentina,ARG.18_1,San Juan,,ARG.18.3_1,Calingasta,Tamberias,,Departamento,Department,,AR.SJ.CL
ARG,Argentina,ARG.18_1,San Juan,,ARG.18.4_1,Capital,San Juan|Capital (San Juan),,Departamento,Department,,AR.SJ.SJ
ARG,Argentina,ARG.18_1,San Juan,,ARG.18.5_1,Caucete,,,Departamento,Department,,AR.SJ.CC
ARG,Argentina,ARG.18_1,San Juan,,ARG.18.6_1,Chimbas,,,Departamento,Department,,AR.SJ.CH
ARG,Argentina,ARG.18_1,San Juan,,ARG.18.7_1,Iglesia,Rodeo,,Departamento,Department,,AR.SJ.IG
ARG,Argentina,ARG.18_1,San Juan,,ARG.18.8_1,Jáchal,San Jose de Jachal,,Departamento,Department,,AR.SJ.JA
ARG,Argentina,ARG.18_1,San Juan,,ARG.18.9_1,Pocito,Villa Alberastain,,Departamento,Department,,AR.SJ.PO
ARG,Argentina,ARG.18_1,San Juan,,ARG.18.10_1,Rawson,Villa Krause,,Departamento,Department,,AR.SJ.RA
ARG,Argentina,ARG.18_1,San Juan,,ARG.18.11_1,Rivadavia,,,Departamento,Department,,AR.SJ.RI
ARG,Argentina,ARG.18_1,San Juan,,ARG.18.12_1,San Martín,Santa Lucia,,Departamento,Department,,AR.SJ.SM
ARG,Argentina,ARG.18_1,San Juan,,ARG.18.13_1,Santa Lucía,,,Departamento,Department,,AR.SJ.SL
ARG,Argentina,ARG.18_1,San Juan,,ARG.18.14_1,Sarmiento,Media Agua,,Departamento,Department,,AR.SJ.SA
ARG,Argentina,ARG.18_1,San Juan,,ARG.18.15_1,Ullum,Ullun|Ullun,,Departamento,Department,,AR.SJ.UL
ARG,Argentina,ARG.18_1,San Juan,,ARG.18.16_1,Valle Fértil,San Agustin del Valle Fert|Valle Fert,,Departamento,Department,,AR.SJ.VF
ARG,Argentina,ARG.18_1,San Juan,,ARG.18.17_1,Veinticinco de Mayo,Santa Rosa|25 De Mayo,,Departamento,Department,,AR.SJ.VM
ARG,Argentina,ARG.18_1,San Juan,,ARG.18.18_1,Zonda,,,Departamento,Department,,AR.SJ.ZO
ARG,Argentina,ARG.19_1,San Luis,,ARG.19.1_1,Ayacucho,San Fco. del Monte de Oro,,Departamento,Department,,AR.SL.AY
ARG,Argentina,ARG.19_1,San Luis,,ARG.19.2_1,Belgrano,Villa Generel Roca,,Departamento,Department,,AR.SL.BE
ARG,Argentina,ARG.19_1,San Luis,,ARG.19.3_1,Chacabuco,Concaran,,Departamento,Department,,AR.SL.CH
ARG,Argentina,ARG.19_1,San Luis,,ARG.19.4_1,Coronel Pringles,La Toma,,Departamento,Department,,AR.SL.CP
ARG,Argentina,ARG.19_1,San Luis,,ARG.19.5_1,General Pedernera,Mercedes,,Departamento,Department,,AR.SL.GP
ARG,Argentina,ARG.19_1,San Luis,,ARG.19.6_1,Gobernador Dupuy,Buena Esperanza,,Departamento,Department,,AR.SL.GD
ARG,Argentina,ARG.19_1,San Luis,,ARG.19.7_1,Junín,Santa Rosa,,Departamento,Department,,AR.SL.JU
ARG,Argentina,ARG.19_1,San Luis,,ARG.19.8_1,La Capital,San Luis,,Departamento,Department,,AR.SL.LC
ARG,Argentina,ARG.19_1,San Luis,,ARG.19.9_1,Libertador General San Martín,Libertador General San Ma|Libertador,,Departamento,Department,,AR.SL.LM
ARG,Argentina,ARG.20_1,Santa Cruz,,ARG.20.1_1,Corpen Aike,Sata Cruz,,Departamento,Department,,AR.SC.CA
ARG,Argentina,ARG.20_1,Santa Cruz,,ARG.20.2_1,Deseado,Puerto Deseado,,Departamento,Department,,AR.SC.DE
ARG,Argentina,ARG.20_1,Santa Cruz,,ARG.20.3_1,Güer Aike,Rio Gallegos|Ger Aike,,Departamento,Department,,AR.SC.GA
ARG,Argentina,ARG.20_1,Santa Cruz,,ARG.20.4_1,Lago Argentino,Calafate,,Departamento,Department,,AR.SC.LA
ARG,Argentina,ARG.20_1,Santa Cruz,,ARG.20.5_1,Lago Buenos Aires,Perito Moreno,,Departamento,Department,,AR.SC.LB
ARG,Argentina,ARG.20_1,Santa Cruz,,ARG.20.6_1,Magallanes,San Julian,,Departamento,Department,,AR.SC.MA
ARG,Argentina,ARG.20_1,Santa Cruz,,ARG.20.7_1,Rió Chico,Gobernador Gregores,,Departamento,Department,,AR.SC.RC
ARG,Argentina,ARG.21_1,Santa Fe,,ARG.21.1_1,Belgrano,Las Rosas,,Departamento,Department,,AR.SF.BE
ARG,Argentina,ARG.21_1,Santa Fe,,ARG.21.2_1,Caseros,Casilda,,Departamento,Department,,AR.SF.CR
ARG,Argentina,ARG.21_1,Santa Fe,,ARG.21.3_1,Castellanos,Rafaela,,Departamento,Department,,AR.SF.CL
ARG,Argentina,ARG.21_1,Santa Fe,,ARG.21.4_1,Constitución,Villa Constitucion,,Departamento,Department,,AR.SF.CO
ARG,Argentina,ARG.21_1,Santa Fe,,ARG.21.5_1,Garay,Helvencia,,Departamento,Department,,AR.SF.GA
ARG,Argentina,ARG.21_1,Santa Fe,,ARG.21.6_1,General López,Melincue,,Departamento,Department,,AR.SF.GL
ARG,Argentina,ARG.21_1,Santa Fe,,ARG.21.7_1,General Obligado,Reconquista,,Departamento,Department,,AR.SF.GO
ARG,Argentina,ARG.21_1,Santa Fe,,ARG.21.8_1,Iriondo,Ca?ada de Gomez,,Departamento,Department,,AR.SF.IR
ARG,Argentina,ARG.21_1,Santa Fe,,ARG.21.9_1,La Capital,Santa Fe,,Departamento,Department,,AR.SF.LP
ARG,Argentina,ARG.21_1,Santa Fe,,ARG.21.10_1,Las Colonias,Esperanza,,Departamento,Department,,AR.SF.LC
ARG,Argentina,ARG.21_1,Santa Fe,,ARG.21.11_1,Nueve de Julio,Tostado|9 de Julio,,Departamento,Department,,AR.SF.NJ
ARG,Argentina,ARG.21_1,Santa Fe,,ARG.21.12_1,Rosario,,,Departamento,Department,,AR.SF.RO
ARG,Argentina,ARG.21_1,Santa Fe,,ARG.21.13_1,San Cristóbal,,,Departamento,Department,,AR.SF.SC
ARG,Argentina,ARG.21_1,Santa Fe,,ARG.21.14_1,San Javier,,,Departamento,Department,,AR.SF.SV
ARG,Argentina,ARG.21_1,Santa Fe,,ARG.21.15_1,San Jerónimo,Coronda,,Departamento,Department,,AR.SF.SR
ARG,Argentina,ARG.21_1,Santa Fe,,ARG.21.16_1,San Justo,,,Departamento,Department,,AR.SF.SJ
ARG,Argentina,ARG.21_1,Santa Fe,,ARG.21.17_1,San Lorenzo,Coronda,,Departamento,Department,,AR.SF.SL
ARG,Argentina,ARG.21_1,Santa Fe,,ARG.21.18_1,San Martín,Sastre,,Departamento,Department,,AR.SF.SM
ARG,Argentina,ARG.21_1,Santa Fe,,ARG.21.19_1,Vera,,,Departamento,Department,,AR.SF.VE
ARG,Argentina,ARG.22_1,Santiago del Estero,,ARG.22.1_1,Aguirre,Pinto,,Departamento,Department,,AR.SE.AG
ARG,Argentina,ARG.22_1,Santiago del Estero,,ARG.22.2_1,Alberdi,Campo Gallo,,Departamento,Department,,AR.SE.AL
ARG,Argentina,ARG.22_1,Santiago del Estero,,ARG.22.3_1,Atamisqui,Villa Atamisqui,,Departamento,Department,,AR.SE.AT
ARG,Argentina,ARG.22_1,Santiago del Estero,,ARG.22.4_1,Avellaneda,Herrera,,Departamento,Department,,AR.SE.AV
ARG,Argentina,ARG.22_1,Santiago del Estero,,ARG.22.5_1,Banda,La Banda,,Departamento,Department,,AR.SE.BA
ARG,Argentina,ARG.22_1,Santiago del Estero,,ARG.22.6_1,Belgrano,Bandera,,Departamento,Department,,AR.SE.BE
ARG,Argentina,ARG.22_1,Santiago del Estero,,ARG.22.7_1,Capital,San del Estero|Capital (Santiago del Estero),,Departamento,Department,,AR.SE.SE
ARG,Argentina,ARG.22_1,Santiago del Estero,,ARG.22.8_1,Choya,Frias,,Departamento,Department,,AR.SE.CH
ARG,Argentina,ARG.22_1,Santiago del Estero,,ARG.22.9_1,Copo,Monte Quemado,,Departamento,Department,,AR.SE.CO
ARG,Argentina,ARG.22_1,Santiago del Estero,,ARG.22.10_1,Figueroa,La Canada,,Departamento,Department,,AR.SE.FI
ARG,Argentina,ARG.22_1,Santiago del Estero,,ARG.22.11_1,General Taboada,Anatuya,,Departamento,Department,,AR.SE.GT
ARG,Argentina,ARG.22_1,Santiago del Estero,,ARG.22.12_1,Guasayán,San Pedro,,Departamento,Department,,AR.SE.GU
ARG,Argentina,ARG.22_1,Santiago del Estero,,ARG.22.13_1,Jiménez,Pozo Hondo|Jimnez,,Departamento,Department,,AR.SE.JM
ARG,Argentina,ARG.22_1,Santiago del Estero,,ARG.22.14_1,Juan Felipe Ibarra,Suncho Corral|Juan F. Ibarra,,Departamento,Department,,AR.SE.JI
ARG,Argentina,ARG.22_1,Santiago del Estero,,ARG.22.15_1,Loreto,Va. S. Martin,,Departamento,Department,,AR.SE.LO
ARG,Argentina,ARG.22_1,Santiago del Estero,,ARG.22.16_1,Mitre,Villa Union,,Departamento,Department,,AR.SE.MI
ARG,Argentina,ARG.22_1,Santiago del Estero,,ARG.22.17_1,Moreno,Quimili,,Departamento,Department,,AR.SE.MO
ARG,Argentina,ARG.22_1,Santiago del Estero,,ARG.22.18_1,Ojo de Agua,Villa Ojo de Agua,,Departamento,Department,,AR.SE.OJ
ARG,Argentina,ARG.22_1,Santiago del Estero,,ARG.22.19_1,Pellegrini,La Fragua,,Departamento,Department,,AR.SE.PE
ARG,Argentina,ARG.22_1,Santiago del Estero,,ARG.22.20_1,Quebrachos,Sumampa,,Departamento,Department,,AR.SE.QU
ARG,Argentina,ARG.22_1,Santiago del Estero,,ARG.22.21_1,Rió Hondo,Las Termas,,Departamento,Department,,AR.SE.RH
ARG,Argentina,ARG.22_1,Santiago del Estero,,ARG.22.22_1,Rivadavia,Selva,,Departamento,Department,,AR.SE.RI
ARG,Argentina,ARG.22_1,Santiago del Estero,,ARG.22.23_1,Robles,Fernandez,,Departamento,Department,,AR.SE.RO
ARG,Argentina,ARG.22_1,Santiago del Estero,,ARG.22.24_1,Salavina,Los Telares,,Departamento,Department,,AR.SE.SV
ARG,Argentina,ARG.22_1,Santiago del Estero,,ARG.22.25_1,San Martín,Bera Pozo,,Departamento,Department,,AR.SE.SM
ARG,Argentina,ARG.22_1,Santiago del Estero,,ARG.22.26_1,Sarmiento,Garza,,Departamento,Department,,AR.SE.SR
ARG,Argentina,ARG.22_1,Santiago del Estero,,ARG.22.27_1,Silípica,Arraga,,Departamento,Department,,AR.SE.SI
ARG,Argentina,ARG.23_1,Tierra del Fuego,,ARG.23.1_1,Rió Grande,,,Departamento,Department,,AR.TF.RG
ARG,Argentina,ARG.23_1,Tierra del Fuego,,ARG.23.2_1,Ushuaia,,,Departamento,Department,,AR.TF.US
ARG,Argentina,ARG.24_1,Tucumán,,ARG.24.1_1,Burruyacú,,,Departamento,Department,,AR.TM.BU
ARG,Argentina,ARG.24_1,Tucumán,,ARG.24.2_1,Capital,San Miguel de Tucuman|Capital (Tucumán),,Departamento,Department,,AR.TM.TM
ARG,Argentina,ARG.24_1,Tucumán,,ARG.24.3_1,Chicligasta,Concepcion,,Departamento,Department,,AR.TM.CH
ARG,Argentina,ARG.24_1,Tucumán,,ARG.24.4_1,Cruz Alta,Banda del R.Sali,,Departamento,Department,,AR.TM.CA
ARG,Argentina,ARG.24_1,Tucumán,,ARG.24.5_1,Famaillá,,,Departamento,Department,,AR.TM.FA
ARG,Argentina,ARG.24_1,Tucumán,,ARG.24.6_1,Graneros,,,Departamento,Department,,AR.TM.GR
ARG,Argentina,ARG.24_1,Tucumán,,ARG.24.7_1,Juan B. Alberdi,Juan B.Alberdi|Alberdi,,Departamento,Department,,AR.TM.JA
ARG,Argentina,ARG.24_1,Tucumán,,ARG.24.8_1,La Cocha,,,Departamento,Department,,AR.TM.LC
ARG,Argentina,ARG.24_1,Tucumán,,ARG.24.9_1,Leales,Bella Vista,,Departamento,Department,,AR.TM.LE
ARG,Argentina,ARG.24_1,Tucumán,,ARG.24.10_1,Lules,,,Departamento,Department,,AR.TM.LU
ARG,Argentina,ARG.24_1,Tucumán,,ARG.24.11_1,Monteros,,,Departamento,Department,,AR.TM.MO
ARG,Argentina,ARG.24_1,Tucumán,,ARG.24.12_1,Rió Chico,Aquilares,,Departamento,Department,,AR.TM.RC
ARG,Argentina,ARG.24_1,Tucumán,,ARG.24.13_1,Simoca,,,Departamento,Department,,AR.TM.SI
ARG,Argentina,ARG.24_1,Tucumán,,ARG.24.14_1,Tafí del Valle,,,Departamento,Department,,AR.TM.TD
ARG,Argentina,ARG.24_1,Tucumán,,ARG.24.15_1,Tafí Viejo,,,Departamento,Department,,AR.TM.TV
ARG,Argentina,ARG.24_1,Tucumán,,ARG.24.16_1,Trancas,,,Departamento,Department,,AR.TM.TR
ARG,Argentina,ARG.24_1,Tucumán,,ARG.24.17_1,Yerba Buena,,,Departamento,Department,,AR.TM.YB
